{"mean_confidence":0.9534512758255005,"total_frames":311,"valid_frame_fraction":0.8553054928779602}
